{"cameraMode":{"drawMode":0,"name":"Shaded","section":"Shading Mode"},"sceneLighting":true,"audioPlay":false,"sceneViewState":{"m_AlwaysRefresh":false,"showFog":true,"showSkybox":true,"showFlares":true,"showImageEffects":true,"showParticleSystems":true,"showVisualEffectGraphs":true,"m_FxEnabled":true},"in2DMode":false,"pivot":{"x":251.8458251953125,"y":-33.36859130859375,"z":-482.72882080078127},"rotation":{"x":0.009951875545084477,"y":0.9710373282432556,"z":-0.04110946133732796,"w":0.23517516255378724},"size":343.4702453613281,"orthographic":false}